DATE,AB,BC,Kavik,MB,NB,NL-Land,NL-OS,NWT,NS-Land,NS-OS,ON-Land,ON-OS,QC,SK
2003-03-28,195,69,0,0,0,0,4,3,0,0,0,0,0,17
2003-04-04,164,40,0,0,0,0,3,3,0,0,0,0,0,11
2003-04-11,139,22,0,0,0,0,3,3,0,0,0,0,0,8
2003-04-17,84,16,0,0,0,0,1,2,0,0,0,0,0,6
2003-04-25,75,15,0,0,0,0,1,2,0,0,0,0,0,5
2003-05-02,84,13,0,0,0,0,3,2,0,1,0,0,0,7
2003-05-09,62,10,0,0,0,0,3,2,0,1,0,0,0,13
2003-05-16,62,9,0,0,0,0,3,2,0,1,0,0,0,22
2003-05-23,123,6,0,1,0,0,3,1,0,1,0,0,0,56
2003-05-30,189,7,0,0,0,0,3,1,0,2,1,1,0,54
2003-06-06,199,6,0,1,0,0,2,1,0,1,1,1,0,56
2003-06-13,253,5,0,3,0,0,2,1,0,1,1,1,0,48
2003-06-20,269,8,0,1,0,0,2,1,0,1,1,1,0,53
2003-06-27,242,10,0,3,0,0,1,1,0,2,1,1,0,49
2003-07-03,291,16,0,2,0,0,2,1,0,2,1,1,0,58
2003-07-11,291,19,0,1,0,0,2,1,0,2,1,1,0,63
2003-07-18,317,27,0,3,0,0,2,1,0,2,1,1,0,57
2003-07-25,328,33,0,3,0,0,3,1,1,1,1,1,0,52
2003-08-01,317,35,0,1,0,0,3,1,1,1,1,1,0,55
2003-08-08,304,34,0,1,0,0,4,1,1,1,0,1,0,50
2003-08-15,307,37,0,1,0,0,3,1,1,1,0,1,0,53
2003-08-22,301,43,0,1,0,0,2,1,1,0,0,1,1,45
2003-08-29,306,51,0,1,0,0,3,1,1,0,0,1,1,42
2003-09-05,269,47,0,1,0,0,4,1,0,1,0,1,1,42
2003-09-12,280,44,0,2,0,0,4,0,0,1,0,1,1,45
2003-09-19,237,45,0,0,0,0,3,0,1,1,0,1,1,49
2003-09-26,214,42,0,2,0,0,2,0,1,1,0,1,1,44
2003-10-03,292,49,0,2,0,0,3,0,0,1,0,0,1,48
2003-10-10,320,51,0,1,0,0,3,0,0,1,0,0,1,41
2003-10-17,289,52,0,1,0,0,3,0,0,0,0,0,1,45
2003-10-24,279,52,0,0,0,0,3,0,0,0,0,0,1,54
2003-10-31,268,52,0,1,0,0,2,0,0,0,0,0,1,52
2003-11-07,270,52,0,0,0,0,2,0,0,0,0,0,1,53
2003-11-14,297,59,0,1,0,0,2,0,0,1,0,0,1,62
2003-11-21,297,65,0,1,0,0,2,0,0,2,0,0,0,47
2003-11-26,313,68,0,1,0,0,2,0,0,2,0,0,0,48
2003-12-05,330,83,0,1,0,0,3,0,0,2,0,0,0,46
2003-12-12,344,81,0,0,0,0,2,0,0,2,0,0,1,55
2003-12-19,361,91,0,0,0,0,3,0,0,2,0,0,1,37
2003-12-23,195,88,0,0,0,0,4,0,0,2,0,0,1,18
2003-12-31,227,89,0,0,0,0,4,0,0,2,0,0,1,9
2004-01-09,338,121,0,0,0,0,3,0,0,2,0,0,0,24
2004-01-16,380,145,0,0,0,0,3,0,0,2,0,0,1,32
2004-01-23,379,156,0,1,0,0,2,3,0,2,0,0,1,32
2004-01-30,389,157,0,1,0,0,2,3,0,2,0,0,1,30
2004-02-06,361,153,0,1,0,0,2,6,0,2,0,0,1,26
2004-02-13,389,146,0,1,0,0,1,5,0,2,0,0,1,41
2004-02-20,374,146,0,1,0,0,1,6,0,2,0,0,1,43
2004-02-27,359,145,0,1,0,0,1,5,0,2,0,0,1,46
2004-03-05,359,139,0,2,1,0,2,4,0,2,0,0,1,46
2004-03-12,352,116,0,1,1,0,3,4,0,1,0,0,1,42
2004-03-19,308,101,0,2,1,0,4,5,0,1,0,0,1,28
2004-03-26,215,84,0,1,1,0,3,1,0,1,0,0,0,14
2004-04-02,131,46,0,1,1,0,3,0,0,1,0,0,0,11
2004-04-08,115,25,0,0,1,0,3,0,0,1,0,0,0,3
2004-04-16,110,21,0,0,1,0,2,1,0,1,0,0,0,1
2004-04-23,101,21,0,0,1,0,3,1,0,1,0,0,0,2
2004-04-30,119,18,0,0,1,0,3,1,0,1,0,0,0,12
2004-05-07,140,13,0,0,0,0,1,1,0,1,0,0,0,29
2004-05-14,119,11,0,0,0,0,1,1,0,1,0,0,0,34
2004-05-21,157,9,0,0,0,0,1,1,0,0,0,0,0,33
2004-05-28,155,5,0,0,0,0,1,1,0,1,0,0,0,32
2004-06-04,214,3,0,0,0,0,2,1,0,1,0,0,0,35
2004-06-11,225,3,0,0,0,0,2,1,0,2,0,0,0,40
2004-06-18,158,5,0,1,0,0,2,0,0,2,0,0,0,28
2004-06-25,260,10,0,1,0,0,3,0,0,3,0,0,0,57
2004-07-02,315,19,0,2,0,0,3,0,0,3,0,0,0,55
2004-07-09,237,26,0,2,0,0,3,0,0,3,0,0,0,42
2004-07-16,169,23,0,2,0,0,3,0,0,3,0,1,0,40
2004-07-23,287,36,0,2,0,0,3,0,0,3,0,1,0,48
2004-07-30,323,39,0,2,0,0,3,0,0,3,0,1,0,52
2004-08-06,296,41,0,2,0,0,1,0,0,3,0,1,0,40
2004-08-13,269,41,0,1,0,0,1,0,0,3,0,1,0,41
2004-08-20,288,44,0,2,0,0,1,0,0,3,0,1,0,52
2004-08-27,190,45,0,3,0,0,1,1,0,3,0,1,0,35
2004-09-03,193,41,0,1,0,0,3,1,0,0,0,1,0,55
2004-09-10,170,29,0,1,0,0,3,1,0,0,0,1,0,56
2004-09-17,177,22,0,2,0,0,3,1,0,0,0,1,0,40
2004-09-24,215,25,0,2,0,0,4,1,0,0,0,1,0,43
2004-10-01,250,25,0,1,0,0,4,1,0,0,0,1,0,33
2004-10-08,328,33,0,2,0,0,4,1,0,0,0,1,0,36
2004-10-15,328,42,0,2,0,0,4,1,0,0,0,1,0,32
2004-10-22,268,44,0,2,0,1,1,1,0,0,0,0,1,37
2004-10-29,294,44,0,2,0,0,2,1,0,0,0,0,1,27
2004-11-05,335,49,0,2,0,1,2,1,0,0,0,0,1,40
2004-11-12,350,47,0,2,0,1,2,1,0,0,0,0,1,43
2004-11-19,357,42,0,1,0,1,3,1,0,1,0,0,1,37
2004-11-24,362,50,0,0,0,1,3,1,0,1,0,0,1,43
2004-12-03,354,58,0,2,0,1,3,1,0,1,0,0,1,38
2004-12-10,379,63,0,2,0,1,2,1,0,1,0,0,1,50
2004-12-17,396,73,0,2,0,1,3,1,0,1,0,0,0,47
2004-12-23,297,51,0,0,0,1,3,1,0,1,0,0,0,17
2004-12-31,265,63,1,0,0,0,2,1,0,1,0,0,0,12
2005-01-07,331,105,1,0,0,0,2,1,0,1,0,0,0,19
2005-01-14,373,136,1,2,0,0,2,1,0,1,0,0,0,31
2005-01-21,397,148,2,3,0,0,2,1,0,1,0,0,0,41
2005-01-28,388,155,2,3,0,0,2,1,0,1,0,0,0,41
2005-02-04,371,157,2,3,0,0,2,1,0,1,0,0,0,38
2005-02-11,385,158,2,2,0,0,4,1,0,0,0,0,0,37
2005-02-18,386,157,2,2,0,0,4,1,0,0,0,0,0,37
2005-02-25,405,159,2,2,0,0,0,0,0,0,0,0,0,49
2005-03-04,396,139,2,3,0,0,0,4,0,0,0,0,0,49
2005-03-11,307,88,2,2,0,0,0,4,0,0,0,0,0,38
2005-03-18,241,49,2,2,0,0,2,2,0,1,0,0,0,30
2005-03-24,252,35,2,2,0,0,2,2,0,1,0,0,0,20
2005-04-01,188,30,2,0,0,0,2,0,0,1,0,0,0,7
2005-04-08,156,38,2,0,0,0,2,0,0,1,0,0,0,9
2005-04-15,115,33,2,0,0,0,2,0,0,1,0,0,0,7
2005-04-22,114,32,2,0,0,0,2,0,0,1,0,0,0,8
2005-04-29,113,29,2,0,0,0,2,0,0,1,0,0,0,13
2005-05-06,133,30,2,0,0,0,2,0,0,1,0,0,0,26
2005-05-13,177,25,2,0,1,1,3,0,0,0,1,0,0,45
2005-05-20,183,26,2,0,1,0,3,0,0,0,0,0,0,51
2005-05-27,193,21,2,0,1,0,3,0,0,0,0,0,0,50
2005-06-03,274,23,2,1,1,0,3,0,0,0,0,0,0,70
2005-06-10,228,22,0,0,1,0,3,0,0,0,1,1,0,63
2005-06-17,165,24,0,0,1,0,3,0,0,0,1,1,0,27
2005-06-24,180,29,0,2,1,0,3,0,0,0,1,1,0,40
2005-07-01,245,39,0,0,1,0,3,0,0,0,1,1,0,58
2005-07-08,287,41,0,0,1,0,2,0,0,0,1,1,0,34
2005-07-15,371,46,0,2,1,0,2,0,0,0,1,1,0,69
2005-07-22,400,46,0,2,1,0,3,0,0,0,1,1,0,67
2005-07-29,400,47,0,3,1,0,3,0,0,0,1,1,0,65
2005-08-05,429,52,0,4,1,0,3,0,0,0,1,1,0,66
2005-08-12,446,52,0,3,1,0,3,0,0,0,1,1,0,72
2005-08-19,414,53,0,1,1,0,3,0,0,1,1,1,0,60
2005-08-26,390,51,0,1,1,0,3,0,0,1,1,1,0,60
2005-09-02,410,49,0,6,1,0,3,0,0,1,1,1,0,49
2005-09-09,431,50,0,8,1,0,3,0,0,1,1,1,0,62
2005-09-16,340,46,0,5,1,0,4,0,0,1,1,1,0,44
2005-09-23,314,49,0,4,1,0,4,0,0,1,1,1,0,51
2005-09-30,405,51,0,5,1,0,4,0,0,1,1,1,0,68
2005-10-07,350,51,0,5,1,0,3,0,0,1,1,1,0,64
2005-10-14,404,58,0,4,1,0,3,0,0,1,1,1,0,61
2005-10-21,426,59,0,4,1,0,3,0,0,1,1,1,0,71
2005-10-28,434,67,0,4,1,0,3,0,0,1,1,1,0,73
2005-11-04,439,61,0,1,1,0,3,0,0,1,1,1,0,74
2005-11-11,427,63,0,3,1,0,3,0,0,1,1,1,0,69
2005-11-18,472,73,0,5,1,0,3,0,0,1,0,0,1,63
2005-11-23,486,70,0,7,1,0,3,0,0,1,0,0,1,62
2005-12-02,492,79,0,6,1,0,3,0,0,1,0,0,1,70
2005-12-09,526,68,0,9,1,0,3,0,0,1,0,0,1,70
2005-12-16,500,65,0,8,1,0,3,0,0,1,0,0,1,70
2005-12-22,414,60,0,5,1,0,3,0,0,1,0,0,1,47
2005-12-30,302,45,0,0,1,0,3,0,0,1,0,0,1,11
2006-01-06,454,81,0,8,1,0,3,0,0,1,0,0,1,45
2006-01-13,501,105,0,8,1,0,3,0,0,1,0,0,1,54
2006-01-20,492,117,0,4,1,0,3,0,0,1,0,0,1,56
2006-01-27,498,131,0,7,1,0,3,0,0,1,0,0,1,56
2006-02-03,534,128,0,8,1,0,1,0,0,1,0,0,1,53
2006-02-10,517,138,1,8,1,0,2,0,0,1,0,0,0,46
2006-02-17,527,131,1,7,1,0,2,0,0,1,0,0,0,48
2006-02-24,506,131,1,6,1,0,3,0,1,1,0,0,0,49
2006-03-03,494,134,0,8,0,0,2,0,0,1,0,0,0,49
2006-03-10,500,132,0,7,0,0,3,0,0,1,0,0,0,47
2006-03-17,487,108,0,4,1,0,3,0,0,0,0,0,0,55
2006-03-24,515,71,0,3,1,0,3,0,0,0,0,0,0,46
2006-03-31,348,42,0,1,2,0,2,0,0,0,1,0,0,29
2006-04-07,212,40,0,0,0,0,2,0,0,0,1,0,0,14
2006-04-13,147,36,0,1,1,0,2,0,0,0,1,0,0,8
2006-04-21,125,37,0,1,1,0,2,0,0,0,1,0,0,9
2006-04-28,104,35,0,1,1,0,3,0,0,0,1,0,0,5
2006-05-05,104,39,0,1,1,0,2,0,0,0,1,0,0,19
2006-05-12,131,34,0,1,1,0,2,0,0,0,0,1,0,29
2006-05-19,183,31,0,1,1,0,2,0,0,0,0,1,0,48
2006-05-26,226,32,0,2,1,0,2,0,0,0,0,1,0,61
2006-06-02,206,31,0,2,1,0,3,0,0,0,0,1,0,49
2006-06-09,335,32,0,4,1,0,3,0,0,0,0,1,0,67
2006-06-16,328,36,0,8,1,0,3,0,0,0,0,1,0,64
2006-06-23,281,39,0,9,1,0,3,0,0,0,0,1,0,58
2006-06-30,345,45,0,8,0,0,2,0,0,0,0,1,1,71
2006-07-07,431,44,0,9,0,0,2,0,0,0,0,1,1,72
2006-07-14,439,49,0,7,0,0,2,0,0,0,0,1,1,72
2006-07-21,401,47,0,6,1,0,2,0,0,0,0,1,0,75
2006-07-28,413,50,0,8,1,0,2,0,0,0,0,1,0,72
2006-08-04,361,48,0,5,1,0,2,0,0,0,0,1,0,68
2006-08-11,353,50,0,6,1,0,2,0,0,0,0,1,0,67
2006-08-18,345,48,0,2,1,0,2,0,0,0,0,1,0,72
2006-08-25,363,45,0,6,1,0,2,0,0,0,0,1,0,71
2006-09-01,363,57,0,5,1,0,4,0,0,0,0,1,0,74
2006-09-08,351,60,0,6,1,0,4,0,0,0,0,1,0,68
2006-09-15,368,58,0,3,1,0,4,0,0,0,0,1,0,67
2006-09-22,265,55,0,4,1,0,4,0,0,0,0,1,0,50
2006-09-29,242,44,0,1,1,0,4,0,0,0,0,1,0,60
2006-10-06,336,47,0,3,1,0,5,0,0,0,0,1,0,56
2006-10-13,355,43,0,4,0,0,3,0,0,0,0,1,0,71
2006-10-20,341,45,0,1,0,0,2,0,0,0,0,1,0,65
2006-10-27,231,39,0,3,0,0,2,0,0,0,0,1,0,67
2006-11-03,264,39,0,4,0,0,2,0,0,0,0,1,0,66
2006-11-10,332,44,0,2,0,1,4,0,0,0,0,1,0,62
2006-11-17,342,44,0,1,0,1,4,0,0,0,0,1,0,59
2006-11-22,335,46,0,2,0,1,4,0,0,0,0,1,0,64
2006-12-01,319,49,0,2,0,1,3,0,0,0,0,1,0,67
2006-12-08,345,47,0,3,0,1,3,0,0,0,0,1,0,63
2006-12-15,369,55,0,2,1,1,3,0,0,0,0,1,0,65
2006-12-22,352,54,0,0,1,0,3,0,0,0,0,1,0,39
2006-12-29,337,53,0,0,1,0,3,0,0,0,0,1,0,34
2007-01-05,324,64,0,0,1,0,4,0,0,0,0,1,0,23
2007-01-12,435,82,0,2,1,0,3,0,0,0,0,1,0,62
2007-01-19,460,77,0,3,1,0,1,0,0,0,0,1,0,63
2007-01-26,506,79,0,4,1,0,3,0,0,0,0,1,0,70
2007-02-02,503,79,0,5,1,0,0,0,0,0,0,1,0,71
2007-02-09,493,73,0,4,1,0,1,0,0,0,0,1,0,68
2007-02-16,486,74,1,5,0,0,0,0,0,1,0,1,0,68
2007-02-23,459,71,1,6,0,0,0,0,0,1,0,1,0,64
2007-03-02,456,59,2,10,0,0,0,0,0,0,0,1,0,73
2007-03-09,423,47,2,8,0,0,1,0,0,0,0,1,0,71
2007-03-16,304,42,1,5,0,0,1,0,0,0,0,1,0,55
2007-03-23,167,40,2,3,1,0,1,0,0,0,0,1,0,31
2007-03-30,99,32,0,0,1,0,2,0,0,0,0,1,0,14
2007-04-06,84,29,0,0,2,0,3,0,0,0,0,1,0,7
2007-04-13,61,24,0,0,2,0,4,0,0,0,0,1,0,5
2007-04-20,61,22,0,0,2,0,4,0,0,0,0,1,0,8
2007-04-27,49,21,0,0,0,0,1,0,0,0,0,1,0,7
2007-05-04,46,19,0,0,2,0,1,0,0,0,0,1,0,20
2007-05-11,51,16,0,0,2,0,1,0,0,0,0,1,0,32
2007-05-18,68,16,0,0,2,0,1,0,0,0,0,1,0,33
2007-05-25,52,16,0,0,2,0,1,0,0,0,0,1,0,42
2007-06-01,60,19,0,2,2,0,1,0,0,0,0,1,0,51
2007-06-08,132,21,0,4,2,0,1,0,0,0,0,1,0,65
2007-06-15,164,23,0,4,2,0,1,0,0,0,0,1,0,56
2007-06-22,135,26,0,2,2,0,1,0,0,0,0,1,0,38
2007-06-29,146,29,0,5,2,0,1,0,0,0,0,1,0,47
2007-07-06,194,28,0,4,2,0,1,0,0,0,0,1,0,56
2007-07-13,252,34,0,4,2,0,1,0,0,0,0,1,0,66
2007-07-20,270,39,0,5,2,0,1,0,0,0,0,1,0,59
2007-07-27,262,38,0,5,2,0,1,0,0,0,0,1,0,62
2007-08-03,275,45,0,6,2,0,1,0,0,0,0,1,0,64
2007-08-10,260,50,0,5,2,0,1,0,0,0,0,1,0,58
2007-08-17,212,41,0,5,2,0,1,0,0,0,0,1,0,59
2007-08-24,212,48,0,6,2,0,1,0,0,0,0,1,0,49
2007-08-31,193,45,0,5,2,0,2,0,0,0,0,1,0,57
2007-09-07,219,42,0,5,2,0,2,0,0,0,0,1,0,64
2007-09-14,239,50,0,8,2,0,2,0,0,0,0,1,0,62
2007-09-21,235,50,0,6,2,0,2,0,0,0,0,1,0,63
2007-09-28,237,43,0,7,2,0,2,0,0,0,0,1,0,55
2007-10-05,212,42,0,6,2,0,2,0,0,0,0,1,0,67
2007-10-12,223,42,0,7,2,0,2,0,0,0,0,1,0,66
2007-10-19,212,41,0,6,2,0,2,0,0,0,0,1,0,67
2007-10-26,230,41,0,5,2,0,2,0,0,0,0,1,0,64
2007-11-02,243,45,0,5,2,0,2,0,0,0,0,1,0,70
2007-11-09,229,53,0,5,1,0,1,0,0,0,0,1,0,71
2007-11-16,227,51,0,4,1,0,2,0,0,0,0,1,0,70
2007-11-21,257,52,0,5,1,0,2,0,0,0,0,1,0,73
2007-11-30,252,53,0,5,1,0,1,0,0,0,0,1,0,68
2007-12-07,253,52,0,8,1,0,1,0,0,0,0,1,0,74
2007-12-14,285,49,0,8,1,0,1,0,0,0,0,1,0,74
2007-12-21,257,56,0,8,1,0,1,0,0,0,0,1,0,48
2007-12-28,185,49,0,1,1,0,1,0,0,0,0,1,0,22
2008-01-04,231,48,0,2,1,0,1,0,0,0,0,1,0,35
2008-01-11,364,81,0,6,1,0,1,0,0,0,0,1,0,61
2008-01-18,395,90,1,7,2,0,2,0,0,0,0,1,1,61
2008-01-25,420,85,1,7,2,0,2,0,0,0,0,1,0,64
2008-02-01,433,81,1,5,1,0,1,0,0,0,0,0,0,71
2008-02-08,436,79,1,7,1,0,1,0,0,0,0,0,0,73
2008-02-15,477,72,2,8,1,0,1,0,0,0,1,0,0,70
2008-02-22,490,71,2,10,1,0,1,0,0,0,1,0,0,71
2008-02-29,474,63,2,13,1,0,1,0,0,0,1,0,0,77
2008-03-07,463,62,2,11,1,0,1,2,0,0,1,0,0,80
2008-03-14,359,60,2,9,1,0,1,2,0,0,0,0,0,76
2008-03-21,228,47,2,2,1,0,0,2,0,0,0,0,0,46
2008-03-28,108,39,2,0,2,0,1,1,0,0,0,0,0,18
2008-04-04,77,34,2,0,2,0,1,0,0,0,0,0,0,10
2008-04-11,61,35,0,0,2,0,1,0,0,0,1,0,0,12
2008-04-18,55,28,0,0,2,0,1,0,0,0,1,0,0,9
2008-04-25,46,28,0,0,1,1,1,0,0,0,1,0,0,10
2008-05-02,42,28,0,0,1,1,1,0,0,0,1,0,0,21
2008-05-09,41,27,0,0,1,1,1,0,0,0,1,0,0,50
2008-05-16,41,26,0,0,1,0,1,0,0,0,1,0,0,62
2008-05-23,54,25,0,1,2,0,0,0,0,0,1,0,0,69
2008-05-30,60,24,0,6,2,0,0,0,0,0,1,0,0,83
2008-06-06,99,22,0,6,1,0,0,0,0,0,1,0,0,89
2008-06-13,121,20,0,6,3,0,0,0,0,0,1,0,0,79
2008-06-20,135,29,0,7,3,1,0,0,0,0,1,0,0,83
2008-06-27,205,42,0,7,3,1,1,0,0,0,1,0,0,96
2008-07-04,230,49,0,6,3,1,1,0,0,0,0,0,0,98
2008-07-11,247,54,0,6,2,1,1,0,0,0,0,0,0,103
2008-07-18,234,61,0,8,2,1,1,0,0,0,0,0,0,103
2008-07-25,257,62,0,9,3,1,1,0,0,0,0,0,0,102
2008-08-01,268,65,0,11,3,1,1,0,0,0,0,0,0,102
2008-08-08,284,65,0,8,3,1,1,0,0,0,0,0,0,113
2008-08-15,250,64,0,12,3,1,1,0,0,0,0,0,0,95
2008-08-22,272,63,0,11,0,0,1,0,1,0,0,0,0,109
2008-08-29,262,59,0,11,0,1,1,0,2,0,0,0,0,100
2008-09-05,250,62,0,11,0,1,1,0,2,0,0,0,0,91
2008-09-12,254,61,0,12,0,0,1,0,3,0,0,0,0,102
2008-09-19,245,56,0,11,0,0,2,0,2,0,0,0,0,109
2008-09-26,273,71,0,10,0,0,1,0,1,0,0,0,0,109
2008-10-03,241,71,0,8,2,0,1,0,0,0,0,0,0,108
2008-10-10,276,73,0,8,2,0,1,0,0,0,0,0,0,110
2008-10-17,269,62,0,7,1,0,2,0,0,0,0,0,0,96
2008-10-24,270,61,0,9,0,1,2,0,0,0,0,0,0,104
2008-10-31,267,55,0,9,1,1,2,0,0,0,0,0,0,108
2008-11-07,277,53,0,8,1,1,2,0,0,0,0,0,0,103
2008-11-14,255,59,0,8,0,1,2,0,0,0,0,0,0,93
2008-11-21,244,55,0,9,0,1,2,0,0,0,0,0,0,89
2008-11-26,251,59,0,7,1,1,1,0,0,0,0,0,0,86
2008-12-05,255,60,0,6,1,1,2,0,0,0,0,0,0,79
2008-12-12,243,65,0,6,1,0,1,0,0,0,0,0,0,74
2008-12-19,242,60,0,7,1,0,2,0,0,0,0,0,0,57
2008-12-26,174,46,0,7,1,0,2,0,0,0,0,0,0,49
2009-01-02,168,46,0,0,1,0,2,0,0,0,0,0,0,13
2009-01-09,233,68,0,3,2,0,2,0,0,0,0,0,0,52
2009-01-16,305,76,0,7,1,0,2,0,0,0,0,0,0,47
2009-01-23,281,88,0,8,1,0,2,0,0,0,0,0,0,46
2009-01-30,291,88,0,8,2,0,1,0,0,0,0,0,0,42
2009-02-06,307,87,0,6,2,0,1,0,0,0,0,0,0,32
2009-02-13,301,80,0,6,2,0,1,0,0,0,0,0,0,31
2009-02-20,289,76,0,6,2,0,0,0,0,0,0,0,0,28
2009-02-27,281,72,0,6,2,0,0,0,0,0,0,0,0,33
2009-03-06,198,69,0,5,0,0,1,0,0,0,0,0,0,26
2009-03-13,141,53,0,5,0,0,1,0,0,0,0,0,0,20
2009-03-20,88,51,1,2,0,0,1,0,0,0,0,0,0,16
2009-03-27,50,45,1,0,1,0,0,0,0,0,0,0,0,7
2009-04-03,31,37,1,0,1,0,0,0,0,0,0,0,0,5
2009-04-09,41,37,0,0,1,0,1,0,0,0,0,0,0,3
2009-04-17,36,33,0,0,1,0,1,0,0,0,0,0,0,3
2009-04-24,29,31,0,0,0,0,1,0,0,0,0,0,0,4
2009-05-01,32,30,0,0,0,0,2,0,0,0,0,0,0,3
2009-05-08,31,24,0,0,0,0,2,0,0,0,0,0,0,6
2009-05-15,29,25,0,0,0,0,1,0,0,0,0,0,0,13
2009-05-22,27,25,0,0,0,0,1,0,0,0,0,0,0,21
2009-05-29,34,19,0,0,0,0,1,0,0,0,0,0,0,36
2009-06-05,42,15,0,1,0,0,1,0,0,0,0,0,0,42
2009-06-12,48,14,0,5,0,0,1,0,0,1,0,0,0,39
2009-06-19,79,17,0,6,0,0,1,0,0,1,0,0,0,39
2009-06-26,80,21,0,7,0,0,0,0,0,1,0,0,0,39
2009-07-02,84,27,0,7,0,0,0,0,0,1,0,0,0,46
2009-07-10,88,28,0,8,0,0,1,0,0,1,0,0,0,52
2009-07-17,73,25,0,8,0,1,0,0,0,1,0,0,0,44
2009-07-24,98,30,0,11,0,1,0,0,0,1,0,0,0,39
2009-07-31,111,34,0,9,0,1,1,0,0,1,0,0,0,43
2009-08-07,108,27,0,9,0,1,2,0,0,1,0,0,0,47
2009-08-14,89,28,0,8,0,1,2,0,0,1,0,0,0,41
2009-08-21,90,26,0,6,0,1,1,0,0,0,0,0,0,40
2009-08-28,109,23,0,7,0,1,1,0,0,0,0,0,0,43
2009-09-04,104,20,0,6,0,1,1,1,0,0,0,0,0,51
2009-09-11,110,31,0,7,0,1,2,1,0,0,0,0,0,54
2009-09-18,109,32,0,8,0,1,2,0,0,0,0,0,1,61
2009-09-25,126,25,0,9,0,1,2,0,0,0,0,0,1,64
2009-10-02,131,33,0,8,0,1,1,0,0,0,0,0,3,61
2009-10-09,130,37,0,5,0,0,1,0,0,0,0,0,3,63
2009-10-16,141,36,0,8,0,0,0,0,0,1,0,0,2,62
2009-10-23,135,33,0,8,0,0,1,0,0,0,0,0,1,66
2009-10-30,140,34,0,4,0,1,0,0,0,0,0,0,2,68
2009-11-06,135,29,0,7,0,1,0,0,0,0,0,0,2,59
2009-11-13,156,32,0,5,0,1,0,0,0,0,0,0,3,66
2009-11-20,177,29,0,5,0,1,0,0,0,0,1,0,3,77
2009-11-25,194,33,0,7,0,0,0,0,0,0,1,0,3,79
2009-12-04,233,38,0,6,0,0,2,0,0,1,1,0,3,80
2009-12-11,230,36,0,6,0,0,2,0,0,0,1,0,3,76
2009-12-18,253,36,0,6,0,0,2,0,0,0,0,0,1,70
2009-12-23,213,35,0,0,0,0,2,0,0,0,0,0,1,17
2009-12-31,155,38,0,2,0,0,2,0,0,0,0,0,1,11
2010-01-08,218,45,0,8,0,0,2,0,0,1,0,0,1,67
2010-01-15,316,65,0,8,0,0,2,0,0,1,0,0,1,73
2010-01-22,326,81,0,11,0,0,1,0,0,1,0,0,1,74
2010-01-29,361,80,0,14,0,0,1,3,0,1,0,0,0,71
2010-02-05,378,78,0,12,0,0,2,3,0,1,0,0,0,83
2010-02-12,381,78,0,11,0,0,3,1,0,1,0,0,1,75
2010-02-19,383,86,0,12,0,1,3,1,0,0,0,0,1,83
2010-02-26,391,80,0,13,1,1,4,0,0,0,0,0,1,85
2010-03-05,364,73,0,14,1,1,4,2,0,0,0,0,1,83
2010-03-12,313,69,0,10,1,1,4,0,0,0,0,0,1,80
2010-03-19,206,59,0,2,1,1,3,0,0,0,0,0,0,48
2010-03-26,120,61,0,1,1,1,3,0,0,0,0,0,0,16
2010-04-01,84,54,0,0,1,1,3,0,0,0,0,0,0,8
2010-04-09,60,54,0,0,1,1,2,0,0,0,0,0,0,8
2010-04-16,60,53,0,0,0,1,1,0,0,0,0,0,0,7
2010-04-23,50,52,0,0,0,1,1,0,0,0,0,0,0,6
2010-04-30,45,46,0,0,0,1,0,0,0,0,0,0,0,16
2010-05-07,45,41,0,0,0,1,0,0,0,0,0,0,0,16
2010-05-14,45,41,0,0,0,1,1,0,0,0,0,0,0,33
2010-05-21,64,37,0,0,0,0,1,0,0,0,0,0,0,71
2010-05-28,80,36,0,3,0,0,2,0,0,0,0,0,0,70
2010-06-04,85,33,0,3,0,0,2,0,0,0,0,0,0,69
2010-06-11,99,34,0,6,0,0,2,0,0,0,0,0,0,72
2010-06-18,114,33,0,7,0,0,2,0,0,0,0,0,0,80
2010-06-25,150,44,0,10,1,0,3,0,0,0,0,0,0,65
2010-07-02,190,45,0,10,1,0,2,0,0,0,0,0,0,75
2010-07-09,199,50,0,14,1,0,1,0,0,0,0,0,0,83
2010-07-16,213,46,0,13,1,0,1,0,0,0,0,0,0,91
2010-07-23,200,41,0,14,1,0,2,0,0,0,0,0,1,90
2010-07-30,208,43,0,14,1,0,2,0,0,0,0,0,1,94
2010-08-06,245,40,0,14,1,1,2,0,1,0,0,0,1,84
2010-08-13,251,42,0,14,1,0,1,0,0,0,0,0,1,85
2010-08-20,242,43,0,15,1,0,1,0,0,0,0,0,1,76
2010-08-27,243,39,0,13,0,0,1,0,0,0,1,0,2,87
2010-09-03,246,43,0,13,1,0,1,0,0,0,1,0,1,82
2010-09-10,243,45,0,11,1,0,2,0,0,0,1,0,0,80
2010-09-17,197,39,0,11,1,1,2,0,0,0,0,0,0,82
2010-09-24,156,41,0,11,1,1,1,0,0,0,0,0,0,71
2010-10-01,190,41,0,11,1,1,1,0,0,0,0,0,0,68
2010-10-08,260,42,0,13,0,1,1,0,0,0,0,0,0,86
2010-10-15,279,41,0,15,0,1,2,0,0,0,0,0,0,85
2010-10-22,279,46,0,15,1,1,1,0,0,0,0,0,0,76
2010-10-29,288,46,0,15,1,1,1,0,0,0,0,0,0,81
2010-11-05,287,40,0,12,1,1,0,0,0,0,0,0,0,76
2010-11-12,275,46,0,12,1,1,0,0,0,0,0,0,0,94
2010-11-19,278,49,0,10,1,1,0,0,0,0,0,0,0,79
2010-11-24,276,42,0,9,1,1,0,0,0,0,0,0,0,86
2010-12-03,300,48,0,10,1,1,0,0,0,0,0,0,0,89
2010-12-10,320,49,0,12,1,0,1,0,0,0,0,0,0,99
2010-12-17,342,50,0,12,1,0,2,0,0,0,0,0,0,93
2010-12-22,231,49,0,1,0,0,2,0,0,0,0,0,0,28
2010-12-30,179,31,0,1,0,0,2,0,0,0,0,0,0,33
2011-01-07,290,44,0,7,0,0,2,0,0,0,0,0,0,79
2011-01-14,406,62,0,14,0,0,2,0,0,0,0,0,0,93
2011-01-21,444,66,0,16,0,1,3,0,0,0,0,0,0,91
2011-01-28,464,63,0,3,0,1,3,0,0,0,0,0,0,103
2011-02-04,461,60,0,16,0,1,3,0,0,0,0,0,0,85
2011-02-11,467,60,0,18,0,1,2,0,0,0,0,0,0,82
2011-02-18,467,67,0,20,0,1,2,0,0,0,0,0,0,79
2011-02-25,460,62,0,20,0,1,2,0,0,0,0,0,0,78
2011-03-04,468,55,0,20,0,1,2,0,0,0,0,0,0,79
2011-03-11,467,56,0,19,0,1,2,0,0,0,0,0,0,83
2011-03-18,432,55,0,13,0,1,2,0,0,0,0,0,0,83
2011-03-25,343,46,0,2,0,1,2,0,0,0,0,0,0,35
2011-04-01,216,45,0,1,0,1,2,0,0,0,0,0,0,20
2011-04-08,133,43,0,0,0,1,2,0,0,0,0,0,0,14
2011-04-15,111,43,0,0,0,0,2,0,0,0,0,0,0,11
2011-04-21,87,42,0,0,0,0,2,0,0,0,0,0,0,12
2011-04-29,76,41,0,0,0,0,0,0,0,0,0,0,0,16
2011-05-06,70,37,0,0,0,0,0,0,0,0,0,0,0,16
2011-05-13,74,35,0,0,0,0,0,0,0,0,0,0,0,18
2011-05-20,81,38,0,0,0,0,1,0,0,0,0,0,0,23
2011-05-27,106,37,0,0,0,0,1,0,0,0,0,0,0,35
2011-06-03,106,33,0,0,0,0,1,0,0,0,0,0,0,44
2011-06-10,136,38,0,0,0,0,1,0,0,0,0,0,0,57
2011-06-17,175,35,0,0,0,0,1,0,0,0,0,0,0,66
2011-06-24,166,37,0,0,0,1,1,0,0,0,0,0,0,46
2011-07-01,151,44,0,0,0,0,1,0,0,0,0,0,0,44
2011-07-08,210,43,0,0,0,0,2,0,0,0,0,0,0,76
2011-07-15,252,47,0,4,0,0,1,0,0,0,0,0,0,90
2011-07-22,231,37,0,6,0,0,1,0,0,0,0,0,0,101
2011-07-29,257,37,0,7,0,0,2,0,0,0,0,0,0,92
2011-08-05,274,47,0,9,0,0,2,0,0,0,0,0,0,102
2011-08-12,297,51,0,10,0,0,2,0,0,0,0,0,0,104
2011-08-19,314,53,0,10,0,0,2,0,0,0,0,0,0,107
2011-08-26,332,56,0,12,0,0,1,0,0,0,0,0,0,107
2011-09-02,338,56,0,11,0,0,1,0,0,0,0,0,0,111
2011-09-09,339,50,0,14,0,0,2,0,0,0,0,0,0,110
2011-09-16,334,48,0,17,0,0,1,0,0,0,0,0,0,102
2011-09-23,332,49,0,16,0,0,1,0,0,0,0,0,0,107
2011-09-30,346,44,0,17,1,0,1,0,0,0,0,0,0,101
2011-10-07,349,50,0,19,1,0,1,0,0,0,0,0,0,102
2011-10-14,339,48,0,18,1,0,2,0,0,0,0,0,0,104
2011-10-21,324,52,0,17,1,0,2,0,0,0,0,0,0,101
2011-10-28,330,53,0,20,1,0,2,0,0,0,0,0,0,93
2011-11-04,311,49,0,20,1,0,2,0,0,0,0,0,0,93
2011-11-11,330,51,0,23,1,0,0,0,0,0,0,0,0,95
2011-11-18,319,48,0,23,0,0,0,0,0,0,0,0,0,97
2011-11-25,325,42,0,24,0,0,0,0,0,0,0,0,0,93
2011-12-02,330,44,0,24,0,0,1,0,0,0,0,0,0,85
2011-12-09,348,48,0,23,0,0,1,0,0,0,0,0,0,84
2011-12-16,371,50,0,22,0,0,1,0,0,0,0,0,0,87
2011-12-22,320,46,0,3,0,0,1,0,0,0,0,0,0,36
2011-12-29,173,41,0,0,0,0,1,0,0,0,0,0,0,6
2012-01-06,266,55,0,3,0,0,1,0,0,0,0,0,0,36
2012-01-13,439,59,0,20,0,0,1,0,0,0,0,0,0,92
2012-01-20,476,60,0,20,0,0,0,0,0,0,0,0,0,98
2012-01-27,501,62,0,20,0,1,0,0,0,0,0,0,0,98
2012-02-03,530,62,0,18,0,1,0,0,0,0,0,0,0,99
2012-02-10,532,60,0,18,0,1,0,0,0,0,0,0,0,98
2012-02-17,534,56,0,17,0,1,0,0,0,0,0,0,0,97
2012-02-24,524,56,0,19,0,1,0,0,0,0,0,0,0,101
2012-03-02,510,52,0,19,0,1,0,0,1,0,0,0,0,98
2012-03-09,491,47,0,16,0,1,0,0,1,0,0,0,0,99
2012-03-16,412,40,0,0,0,1,1,0,0,0,0,0,0,63
2012-03-23,287,38,0,0,0,1,0,0,0,0,0,0,0,26
2012-03-30,212,28,0,0,0,1,0,0,0,0,0,0,0,15
2012-04-05,151,24,0,0,0,1,0,0,0,0,0,0,0,11
2012-04-13,131,24,0,0,0,1,1,0,0,0,0,0,0,7
2012-04-20,116,22,0,0,0,1,0,0,0,0,0,0,0,7
2012-04-27,102,23,0,0,0,1,1,0,0,0,0,0,0,7
2012-05-04,98,22,0,0,0,1,1,0,0,0,0,0,0,9
2012-05-11,83,24,0,0,0,1,1,0,0,0,0,0,0,11
2012-05-18,74,25,0,0,0,1,2,0,0,0,0,0,0,21
2012-05-25,86,22,0,3,0,1,3,0,0,0,0,0,0,43
2012-06-01,79,20,0,6,0,1,3,0,0,0,0,0,0,47
2012-06-08,131,17,0,11,0,1,3,0,0,0,0,0,0,67
2012-06-15,138,19,0,13,0,1,3,0,0,0,0,0,0,74
2012-06-22,137,18,0,12,0,1,3,0,0,0,0,0,0,67
2012-06-29,157,19,0,14,0,1,2,0,0,0,0,0,0,68
2012-07-06,155,19,0,15,0,1,3,0,0,0,0,0,0,71
2012-07-13,185,27,0,13,0,1,3,0,0,0,0,0,0,67
2012-07-20,208,32,0,17,0,1,2,0,0,0,0,0,0,68
2012-07-27,215,33,0,16,0,1,2,0,0,0,0,0,0,71
2012-08-03,193,35,0,16,0,0,0,0,0,0,0,0,0,59
2012-08-10,184,35,0,17,0,0,1,0,0,0,0,0,0,62
2012-08-17,207,35,0,18,0,0,1,0,0,0,0,0,0,65
2012-08-24,213,34,0,17,0,0,2,0,0,0,0,0,0,68
2012-08-31,199,34,0,14,0,0,1,0,0,0,0,0,0,68
2012-09-07,226,36,0,14,0,0,1,0,0,0,0,0,0,68
2012-09-14,225,38,0,12,0,0,1,0,0,0,0,0,0,78
2012-09-21,243,35,0,12,0,0,0,0,0,0,0,0,1,72
2012-09-28,236,33,0,13,0,0,0,0,0,0,0,0,1,76
2012-10-05,245,34,0,17,0,0,1,0,0,0,0,0,1,74
2012-10-12,235,30,0,16,0,0,1,0,0,0,0,0,1,78
2012-10-19,237,31,0,18,0,0,0,0,0,0,0,0,0,69
2012-10-26,244,33,0,18,0,0,0,0,0,0,0,0,0,75
2012-11-02,251,36,0,16,0,0,0,0,0,0,0,0,0,80
2012-11-09,241,36,0,14,0,1,0,0,0,0,0,0,1,77
2012-11-16,260,39,0,13,0,1,0,0,0,0,0,0,1,70
2012-11-21,258,39,0,11,0,1,0,0,0,0,0,0,1,77
2012-11-30,269,40,0,12,0,1,1,0,0,0,0,0,1,75
2012-12-07,280,40,0,6,0,1,1,0,0,0,0,0,1,77
2012-12-14,295,40,0,8,0,1,2,0,0,0,0,0,1,71
2012-12-21,299,40,0,3,0,0,2,0,0,0,0,0,0,40
2012-12-28,173,27,0,0,0,0,1,0,0,0,0,0,0,3
2013-01-04,218,31,0,0,0,0,1,0,0,0,0,0,0,8
2013-01-11,404,47,0,19,0,0,1,0,0,0,0,0,0,60
2013-01-18,457,51,0,22,0,0,1,0,0,0,0,0,0,70
2013-01-25,468,51,0,22,0,0,1,0,0,0,0,0,0,79
2013-02-01,468,53,0,21,0,0,1,0,0,0,0,0,0,82
2013-02-08,474,53,0,20,0,0,1,0,0,0,0,0,0,83
2013-02-15,490,52,0,21,0,0,1,0,0,0,0,0,0,87
2013-02-22,500,57,0,20,0,0,1,0,0,0,0,0,0,84
2013-03-01,492,55,0,22,0,0,2,0,0,0,0,0,0,84
2013-03-08,424,53,0,20,0,0,2,0,0,0,0,0,0,81
2013-03-15,383,52,0,2,0,0,2,0,0,0,0,0,0,64
2013-03-22,259,42,0,0,0,0,2,0,0,0,0,0,0,34
2013-03-28,183,40,0,0,0,0,3,0,0,0,0,0,0,20
2013-04-05,155,39,0,0,0,0,3,0,0,0,0,0,0,9
2013-04-12,112,37,0,0,0,0,2,0,0,0,0,0,0,5
2013-04-19,89,30,0,0,0,0,3,0,0,0,0,0,0,4
2013-04-26,84,29,0,0,0,0,3,0,0,0,0,0,0,6
2013-05-03,83,29,0,0,0,0,3,0,0,0,0,0,0,6
2013-05-10,81,28,0,0,0,0,2,0,0,0,0,0,0,7
2013-05-17,85,29,0,0,0,0,2,0,0,0,0,0,0,7
2013-05-24,91,30,0,0,0,0,1,0,0,0,0,0,0,9
2013-05-31,95,28,0,0,0,0,2,0,0,0,0,0,0,20
2013-06-07,96,24,0,2,0,0,1,0,0,0,0,0,0,29
2013-06-14,110,22,0,7,0,0,1,0,0,0,0,0,0,36
2013-06-21,120,22,0,9,0,0,1,0,0,0,0,0,0,45
2013-06-28,121,24,0,12,0,1,2,0,0,0,0,0,0,46
2013-07-03,131,24,0,10,0,1,2,0,0,0,0,0,0,46
2013-07-12,192,35,0,10,0,1,3,0,0,0,0,0,0,53
2013-07-19,209,43,0,12,0,0,2,0,0,0,0,0,0,58
2013-07-26,206,46,0,13,0,0,3,0,0,0,0,0,0,61
2013-08-02,211,47,0,15,0,0,4,0,0,0,0,0,0,64
2013-08-09,224,49,0,14,0,0,3,0,0,0,0,0,0,68
2013-08-16,228,45,0,14,0,0,3,0,0,0,0,0,0,68
2013-08-23,253,47,0,13,0,0,5,0,0,0,0,0,0,65
2013-08-30,256,51,0,12,0,0,5,0,0,0,0,0,0,75
2013-09-06,258,48,0,10,0,0,5,0,0,0,0,0,0,68
2013-09-13,261,50,0,10,0,0,5,0,0,0,0,0,0,54
2013-09-20,253,51,0,10,0,0,5,0,0,0,0,0,0,69
2013-09-27,256,52,0,10,0,0,5,0,0,0,0,0,0,67
2013-10-04,231,54,0,8,0,0,4,0,0,0,0,0,0,64
2013-10-11,223,52,0,9,0,0,4,0,0,0,0,0,0,69
2013-10-18,249,52,0,9,0,0,3,0,0,0,0,0,0,75
2013-10-25,262,51,0,10,0,0,3,0,0,0,0,0,0,78
2013-11-01,258,50,0,8,0,0,1,0,0,0,0,0,0,77
2013-11-08,241,52,0,9,0,0,2,0,0,0,0,0,0,74
2013-11-15,258,55,0,9,0,0,2,0,0,0,0,0,0,77
2013-11-22,234,53,0,11,0,0,1,0,0,0,0,0,0,69
2013-11-27,250,55,0,10,0,0,1,0,0,0,0,0,0,69
2013-12-06,259,56,0,13,0,0,2,0,0,0,0,0,0,72
2013-12-13,280,57,0,15,0,0,2,0,0,0,0,0,0,72
2013-12-20,282,58,0,8,0,0,2,0,0,0,0,0,0,48
2013-12-27,200,44,0,0,0,0,1,0,0,0,0,0,0,18
2014-01-03,210,45,0,1,0,0,1,0,0,0,0,0,0,25
2014-01-10,346,54,0,13,0,0,1,0,0,0,0,0,0,63
2014-01-17,416,57,0,12,0,0,1,0,0,0,0,0,0,79
2014-01-24,434,59,0,13,0,0,0,0,0,0,0,0,0,84
2014-01-31,448,63,0,12,0,0,2,0,0,0,0,0,0,83
2014-02-07,456,63,0,13,0,0,2,0,0,0,0,0,0,87
2014-02-14,460,63,0,14,0,0,1,0,0,0,0,0,0,86
2014-02-21,466,62,0,14,0,0,0,0,0,0,0,0,0,90
2014-02-28,455,66,0,13,0,0,0,0,0,0,0,0,0,92
2014-03-07,418,68,0,12,0,0,0,0,0,0,0,0,0,89
2014-03-14,365,68,0,9,0,0,0,0,0,0,0,0,0,80
2014-03-21,295,66,0,0,0,0,0,0,0,0,0,0,0,28
2014-03-28,222,59,0,0,0,0,2,0,0,0,0,0,0,15
2014-04-04,171,55,0,0,0,0,2,0,0,0,0,0,0,7
2014-04-11,156,50,0,0,0,0,2,0,0,0,0,0,0,4
2014-04-17,150,42,0,0,0,0,3,0,0,0,0,0,0,4
2014-04-25,126,35,0,0,0,0,3,0,0,0,0,0,0,4
2014-05-02,122,37,0,0,0,0,1,0,0,0,0,0,0,3
2014-05-09,106,34,0,0,0,0,3,0,0,0,0,0,0,2
2014-05-16,110,35,0,0,0,0,3,0,0,0,0,0,0,5
2014-05-23,111,31,0,0,0,0,2,0,0,0,0,0,0,10
2014-05-30,125,30,0,0,0,0,2,0,0,0,0,0,0,41
2014-06-06,130,29,0,0,0,0,2,0,0,0,0,0,0,53
2014-06-13,147,26,0,2,0,0,2,0,0,0,0,0,0,67
2014-06-20,168,27,0,4,0,0,2,0,0,0,0,0,0,64
2014-06-27,156,25,0,4,0,0,2,0,0,0,0,0,0,49
2014-07-03,202,32,0,6,0,0,2,0,0,0,0,0,0,67
2014-07-11,206,43,0,0,0,0,2,0,0,0,0,0,0,64
2014-07-18,248,41,0,3,0,0,2,0,0,0,0,0,0,87
2014-07-25,253,44,0,7,0,0,3,0,0,0,0,0,0,88
2014-08-01,259,45,0,10,0,0,3,0,0,0,0,0,0,75
2014-08-08,262,45,0,15,0,0,4,0,0,0,0,0,0,61
2014-08-15,261,52,0,17,0,0,4,0,0,0,0,0,0,67
2014-08-22,257,48,0,19,0,0,4,0,0,0,0,0,0,77
2014-08-29,262,51,0,18,0,0,4,0,0,0,0,0,0,74
2014-09-05,265,54,0,17,0,0,2,0,0,0,0,0,0,76
2014-09-12,265,49,0,13,0,0,2,0,0,0,0,0,0,76
2014-09-19,236,50,0,13,0,0,2,0,0,0,0,0,0,76
2014-09-26,275,50,0,14,0,0,1,0,0,0,0,0,0,89
2014-10-03,288,42,0,15,0,0,0,0,0,0,0,0,0,85
2014-10-10,273,46,0,14,0,0,0,0,0,0,0,0,0,87
2014-10-17,280,43,0,14,0,0,0,0,0,0,0,0,0,80
2014-10-24,282,48,0,15,0,0,0,0,0,0,0,0,0,81
2014-10-31,280,50,0,14,0,0,0,0,0,0,0,0,0,85
2014-11-07,273,52,0,15,0,0,0,0,0,0,0,0,0,70
2014-11-14,264,53,0,15,0,0,1,0,0,0,0,0,0,69
2014-11-21,289,53,0,17,0,0,1,0,0,0,0,0,0,74
2014-11-26,299,50,0,15,0,0,2,0,0,0,0,0,0,72
2014-12-05,285,55,0,15,0,0,2,0,0,0,0,0,0,65
2014-12-12,309,57,0,14,0,0,2,0,0,0,0,0,0,49
2014-12-19,290,49,0,14,0,0,2,0,0,0,0,0,0,36
2014-12-26,197,38,0,1,0,0,3,0,0,0,0,0,0,17
2015-01-02,163,41,0,0,0,0,3,0,0,0,0,0,0,1
2015-01-09,246,53,0,11,0,0,3,0,0,0,0,0,0,53
2015-01-16,302,60,0,12,0,0,3,0,0,0,0,0,0,63
2015-01-23,300,59,0,11,0,0,3,0,0,0,0,0,0,59
2015-01-30,269,58,0,10,0,0,3,0,0,0,0,0,0,54
2015-02-06,254,61,0,8,0,0,4,0,0,0,0,0,0,54
2015-02-13,261,59,0,9,0,0,3,0,0,0,0,0,0,50
2015-02-20,251,54,0,8,0,0,3,0,0,0,0,0,0,44
2015-02-27,227,52,0,9,0,0,3,0,0,0,0,0,0,39
2015-03-06,199,52,0,8,0,0,4,0,0,0,0,0,0,37
2015-03-13,128,50,0,7,0,0,4,0,0,0,0,0,0,31
2015-03-20,84,45,0,0,0,0,0,0,0,0,0,0,0,11
2015-03-27,73,41,0,0,0,0,2,0,0,0,0,0,0,4
2015-04-02,60,34,0,0,0,0,2,0,0,0,0,0,0,4
2015-04-10,60,34,0,0,0,0,2,0,0,0,0,0,0,3
2015-04-17,52,22,0,0,0,0,3,0,0,0,0,0,0,3
2015-04-24,51,24,0,0,0,0,1,0,0,0,0,0,0,3
2015-05-01,52,22,0,0,0,0,1,0,0,0,0,0,0,4
2015-05-08,53,18,0,0,0,0,2,0,0,0,0,0,0,2
2015-05-15,54,15,0,0,0,0,3,0,0,0,0,0,0,5
2015-05-22,48,14,0,0,0,0,3,0,0,0,0,0,0,7
2015-05-29,54,14,0,0,0,0,3,0,0,0,0,0,0,27
2015-06-05,66,16,0,0,0,0,4,0,0,0,0,0,0,30
2015-06-12,74,16,0,1,0,0,4,0,0,0,0,0,0,32
2015-06-19,76,16,0,1,0,0,4,0,0,0,0,0,0,39
2015-06-26,78,14,0,0,0,0,4,0,0,0,0,0,0,39
2015-07-02,85,15,0,1,0,0,4,0,0,0,0,0,0,34
2015-07-10,109,16,0,4,0,0,4,0,0,0,0,0,0,36
2015-07-17,120,26,0,3,0,0,4,0,0,0,0,0,0,39
2015-07-24,123,30,0,4,0,0,4,0,0,0,0,0,0,39
2015-07-31,128,34,0,5,0,0,4,0,0,0,0,0,0,44
2015-08-07,131,34,0,6,0,0,4,0,0,0,0,0,0,33
2015-08-14,129,35,0,5,0,0,4,0,0,0,0,0,0,38
2015-08-21,131,36,0,6,0,0,4,0,0,0,0,0,0,31
2015-08-28,126,32,0,5,0,0,4,0,0,0,0,0,0,29
2015-09-04,124,32,0,5,0,0,4,0,0,0,0,0,0,22
2015-09-11,126,32,0,6,0,0,1,0,0,0,0,0,0,20
2015-09-18,125,30,0,6,0,0,2,0,0,0,0,0,0,19
2015-09-25,113,35,0,3,0,0,1,0,0,0,0,0,0,24
2015-10-02,113,34,0,2,0,0,1,0,0,0,0,0,0,29
2015-10-09,114,32,0,2,0,0,1,0,0,0,0,0,0,31
2015-10-16,114,30,0,2,0,0,1,0,0,0,0,0,0,34
2015-10-23,118,28,0,2,0,0,1,0,0,0,0,0,0,41
2015-10-30,124,29,0,2,0,0,1,0,0,0,0,0,0,35
2015-11-06,119,30,0,1,0,0,1,0,0,0,0,0,0,34
2015-11-13,112,33,0,2,0,0,0,0,0,0,0,0,0,29
2015-11-20,108,29,0,2,0,0,0,0,0,0,0,0,0,27
2015-11-25,119,29,0,3,0,0,0,0,0,0,0,0,0,33
2015-12-04,115,31,0,2,0,0,0,0,0,0,0,0,0,29
2015-12-11,115,28,0,2,0,0,0,0,0,0,0,0,0,29
2015-12-18,104,28,0,2,0,0,1,0,0,0,0,0,0,27
2015-12-23,94,24,0,0,0,0,0,0,0,0,0,0,0,8
2015-12-31,56,25,0,0,0,0,0,0,0,0,0,0,0,2
2016-01-08,97,30,0,4,0,0,1,0,0,0,0,0,0,34
2016-01-15,147,36,0,5,0,0,1,0,0,0,0,0,0,38
2016-01-22,165,33,0,6,0,0,3,0,0,0,0,0,0,43
2016-01-29,152,29,0,6,0,0,3,0,0,0,0,0,0,41
2016-02-05,154,35,0,6,0,0,3,0,0,0,0,0,0,44
2016-02-12,140,34,0,5,0,0,3,0,0,0,0,0,0,40
2016-02-19,132,35,0,3,0,0,3,0,0,0,0,0,0,33
2016-02-26,112,31,0,2,0,0,3,0,0,0,0,0,0,27
2016-03-04,79,27,0,1,0,0,3,0,0,0,0,0,0,19
2016-03-11,61,25,0,1,0,0,3,0,0,0,0,0,0,8
2016-03-18,47,19,0,0,0,0,3,0,0,0,0,0,0,0
2016-03-24,39,13,0,0,0,0,3,0,0,0,0,0,0,0
2016-04-01,34,11,0,0,0,0,3,0,0,0,0,0,0,1
2016-04-08,30,8,0,0,0,0,1,0,0,0,0,0,0,2
2016-04-15,30,7,0,0,0,0,1,0,0,0,0,0,0,2
2016-04-22,30,6,0,0,0,1,0,0,0,0,0,0,0,3
2016-04-29,26,6,0,0,0,1,1,0,0,0,0,0,0,3
2016-05-06,26,4,0,0,0,1,2,0,0,0,0,0,0,3
2016-05-13,28,6,0,0,0,1,2,0,0,0,0,0,0,6
2016-05-20,29,5,0,0,0,1,2,0,0,0,0,0,0,7
2016-05-27,28,5,0,0,0,1,1,0,0,0,0,0,0,8
2016-06-03,32,3,0,0,0,0,0,0,0,0,0,0,0,6
2016-06-10,41,6,0,0,0,0,0,0,0,0,0,0,0,18
2016-06-17,46,5,0,0,0,0,0,0,0,0,0,0,0,18
2016-06-24,46,5,0,1,0,1,1,0,0,0,0,0,0,22
2016-07-01,46,5,0,0,0,1,2,0,0,0,0,0,0,22
2016-07-08,53,8,0,0,0,1,2,0,0,1,0,0,0,16
2016-07-15,60,10,0,0,0,1,2,0,0,1,0,0,0,21
2016-07-22,67,10,0,0,0,1,1,0,0,1,0,0,0,22
2016-07-29,79,13,0,3,0,1,1,0,0,1,0,0,0,21
2016-08-05,81,14,0,3,0,1,0,0,0,1,0,0,0,22
2016-08-12,85,12,0,5,0,1,0,0,0,1,0,0,0,22
2016-08-19,79,11,0,5,0,0,0,0,0,1,0,0,0,25
2016-08-26,88,15,0,4,0,0,1,0,0,1,0,0,0,37
2016-09-02,84,14,0,3,0,0,1,0,0,0,0,0,0,35
2016-09-09,84,13,0,3,0,0,0,0,0,0,0,0,0,34
2016-09-16,84,12,0,4,0,0,1,0,0,0,0,0,0,31
2016-09-23,93,10,0,5,0,0,1,0,0,0,0,0,0,29
2016-09-30,113,14,0,5,0,0,1,0,0,0,0,0,0,29
2016-10-07,112,14,0,4,0,0,2,0,0,1,0,0,0,32
2016-10-14,113,13,0,4,0,0,2,0,0,0,0,0,0,33
2016-10-21,107,13,0,4,0,0,2,0,0,0,0,0,0,17
2016-10-28,109,16,0,4,0,0,1,0,0,1,0,0,0,22
2016-11-04,105,16,0,4,0,0,1,0,0,1,0,0,0,27
2016-11-11,114,19,0,6,0,0,1,0,0,1,0,0,0,35
2016-11-18,114,18,0,6,0,0,0,0,0,1,0,0,0,45
2016-11-23,108,16,0,5,0,0,0,0,0,1,0,0,0,44
2016-12-02,128,23,0,3,0,0,1,0,0,1,0,0,0,44
2016-12-09,155,24,0,3,0,0,2,0,0,1,0,0,0,45
2016-12-16,157,22,0,5,0,0,2,0,0,1,0,0,0,47
2016-12-23,164,23,0,2,0,0,1,0,0,0,0,0,0,34
2016-12-30,122,21,0,0,0,0,1,0,0,0,0,0,0,13
2017-01-06,150,24,0,3,0,0,1,0,0,0,0,0,0,27
2017-01-13,220,29,0,11,0,0,1,0,0,1,0,0,0,53
2017-01-20,247,30,0,11,0,0,1,0,0,0,0,0,0,53
2017-01-27,249,31,0,11,0,0,0,0,0,0,0,0,0,54
2017-02-03,247,30,0,11,0,0,1,0,0,0,0,0,0,54
2017-02-10,246,32,0,10,0,0,2,0,0,0,0,0,0,62
2017-02-17,232,29,0,12,0,0,1,0,0,0,0,0,0,57
2017-02-24,234,32,0,12,0,0,2,0,0,0,0,0,0,61
2017-03-03,227,32,0,10,0,0,1,0,0,0,0,0,0,65
2017-03-10,218,32,0,5,0,0,1,0,0,0,0,0,0,59
2017-03-17,190,31,0,5,0,0,1,0,0,0,0,0,0,49
2017-03-24,145,29,0,1,0,0,1,0,0,0,0,0,0,9
2017-03-31,123,28,0,0,0,0,1,0,0,0,0,0,0,3